admin:admin
dicom:dicom
admin:dicom
dicom:admin
orthanc:orthanc
admin:changeit
pacs:pacs
onepacsadmin:onepacsadmin
admin:pass
admin:
demo:demo
Admin:Admin
admin:onepacsadmin
root:
admin:password
meddream:meddream